"year","station_name","high","low","max_monthly_rainfall"
1978,"Aberporth",16.3,1.5,140
1978,"Armagh",18.1,0.4,166
1978,"Ballypatrick Forest",15.6,0.5,NA
1978,"Bradford",17.7,-0.9,195.3
1978,"Braemar",16.6,-8.4,191
1978,"Camborne",17.5,5,276.7
1978,"Cambridge NIAB",20.2,-0.7,99.3
1978,"Cardiff Bute Park",19.6,0.9,219.5
1978,"Dunstaffnage",16.5,-0.1,281
1978,"Durham",17.8,-2,195.5
1978,"Eastbourne",18.8,1.9,185.7
1978,"Eskdalemuir",17,-3.1,253.3
1978,"Heathrow",20.7,0.7,108.6
1978,"Hurn",19.8,0.1,208.2
1978,"Lerwick",13.4,-0.6,170.5
1978,"Leuchars",17.9,-3.4,155.1
1978,"Lowestoft",18.9,0.1,77.3
1978,"Manston",20,0.8,80.8
1978,"Nairn",16.2,-3.8,96.9
1978,"Newton Rigg",17.5,-1.7,158.5
1978,"Oxford",20.2,0.4,109.5
1978,"Paisley",18.3,-0.9,200
1978,"Ross-on-Wye",19.8,0,144
1978,"Shawbury",18.6,-1,98.9
1978,"Sheffield",18.6,-0.5,207.9
1978,"Stornoway Airport",14.7,0,189.9
1978,"Sutton Bonington",19.1,-1.3,142.9
1978,"Tiree",15.4,1.2,182.8
1978,"Valley",16.8,1.9,131.3
1978,"Waddington",18.8,-1.2,163
1978,"Whitby",NA,-0.7,108.8
1978,"Wick Airport",14.8,-1.6,113.7
1978,"Yeovilton",20.1,-0.1,137.6
1979,"Aberporth",17.6,-0.4,158.9
1979,"Armagh",19.1,-2.3,112.4
1979,"Ballypatrick Forest",16.1,-1.8,NA
1979,"Bradford",18.9,-3.7,157.5
1979,"Braemar",17.8,-7.4,150.9
1979,"Camborne",18.2,0.9,215.2
1979,"Cambridge NIAB",21.8,-3,104
1979,"Cardiff Bute Park",21.1,-2.9,180.9
1979,"Dunstaffnage",16.6,-2.1,274.6
1979,"Durham",19.6,-3.5,166
1979,"Eastbourne",20,-0.2,118.3
1979,"Eskdalemuir",16.6,-5.7,252.2
1979,"Heathrow",22.5,-2.6,94.9
1979,"Hurn",22.1,-3.9,147.8
1979,"Lerwick",13.3,-1.4,199.7
1979,"Leuchars",19.9,-3.5,105.3
1979,"Lowestoft",20.1,-2.4,88.3
1979,"Manston",21.1,-2.2,79.3
1979,"Nairn",17.9,-3.7,70.6
1979,"Newton Rigg",18.3,-4.7,159
1979,"Oxford",22.5,-3.1,127.7
1979,"Paisley",17.9,-2.6,205.4
1979,"Ross-on-Wye",21.8,-3.4,147.9
1979,"Shawbury",20.3,-4.6,129.7
1979,"Sheffield",20.4,-2.4,148
1979,"Stornoway Airport",14.6,-1.5,171.9
1979,"Sutton Bonington",21,-4.7,95.1
1979,"Tiree",15.3,0.1,215.3
1979,"Valley",17.8,0.7,155.5
1979,"Waddington",20.9,-3.6,102.1
1979,"Whitby",18.4,-2.2,107.9
1979,"Wick Airport",15.2,-2.1,131.1
1979,"Yeovilton",21.6,-4.2,171.3
1980,"Aberporth",17.7,1,119.3
1980,"Armagh",19.2,-0.4,112
1980,"Ballypatrick Forest",NA,0.9,NA
1980,"Bradford",18.6,-0.4,152.3
1980,"Braemar",16.7,-2.9,119.7
1980,"Camborne",18,2,160.2
1980,"Cambridge NIAB",21.3,-0.2,77.2
1980,"Cardiff Bute Park",20,-0.8,152.6
1980,"Dunstaffnage",17.1,0.7,309.9
1980,"Durham",18.9,-0.1,191.4
1980,"Eastbourne",19.7,1.9,155.7
1980,"Eskdalemuir",16.7,-2.3,218
1980,"Heathrow",21.9,-0.1,106.2
1980,"Hurn",20.8,-2.3,114.5
1980,"Lerwick",14.2,0.9,193.7
1980,"Leuchars",18.2,-0.3,95.8
1980,"Lowestoft",20.1,0.7,83.9
1980,"Manston",20.9,0.4,92.7
1980,"Nairn",17.6,-0.2,113.7
1980,"Newton Rigg",17.8,-1.8,137.8
1980,"Oxford",21.2,-0.3,89.4
1980,"Paisley",18,-0.1,185.3
1980,"Ross-on-Wye",20.6,-0.7,95.8
1980,"Shawbury",19.7,-1.3,112.9
1980,"Sheffield",19.8,0.4,132.8
1980,"Stornoway Airport",15.5,1.9,210.2
1980,"Sutton Bonington",20.1,-1,95.4
1980,"Tiree",16.1,2.5,227.5
1980,"Valley",17.8,1.7,116
1980,"Waddington",19.8,-0.8,117.3
1980,"Whitby",NA,0.5,107.2
1980,"Wick Airport",15,1.5,134.6
1980,"Yeovilton",20.6,-2,139.8
1981,"Aberporth",18.4,0.6,217.2
1981,"Armagh",20,-1.1,136.8
1981,"Ballypatrick Forest",17.2,-0.9,NA
1981,"Bradford",19.3,-4.2,132.6
1981,"Braemar",18.7,-7.2,164.1
1981,"Camborne",19.5,2.8,202.8
1981,"Cambridge NIAB",21.7,-2.7,97.2
1981,"Cardiff Bute Park",22.1,-0.3,218.8
1981,"Dunstaffnage",17.5,-0.8,278.2
1981,"Durham",20.3,-3.3,117.2
1981,"Eastbourne",20.9,1.4,167.9
1981,"Eskdalemuir",18,-6.4,272.7
1981,"Heathrow",22.8,-1.5,94.6
1981,"Hurn",22.5,-1.6,149.8
1981,"Lerwick",14.1,-1.5,247.8
1981,"Leuchars",19.7,-3.2,128.8
1981,"Lowestoft",19.9,-0.7,102.5
1981,"Manston",21.1,0.1,87.5
1981,"Nairn",18.7,-3.5,89.7
1981,"Newton Rigg",19.4,-4.4,156.9
1981,"Oxford",22.2,-2,129.7
1981,"Paisley",19.3,-3.5,246.8
1981,"Ross-on-Wye",22.6,-2.3,151.8
1981,"Shawbury",20.9,-4.9,115.2
1981,"Sheffield",20.5,-2.3,149.9
1981,"Stornoway Airport",15.8,0.2,227.8
1981,"Sutton Bonington",20.8,-3.9,92
1981,"Tiree",16.1,1.4,169.4
1981,"Valley",18.9,0.3,172.2
1981,"Waddington",20.7,-3.4,108.8
1981,"Whitby",NA,NA,NA
1981,"Wick Airport",15.9,-1.7,130.9
1981,"Yeovilton",21.9,-1.2,147.5
1982,"Aberporth",17.9,2.5,141.2
1982,"Armagh",20.7,0.9,131
1982,"Ballypatrick Forest",17.3,0.4,NA
1982,"Bradford",19.6,-0.9,195.6
1982,"Braemar",20.2,-5.5,257.6
1982,"Camborne",18.9,4.1,175.7
1982,"Cambridge NIAB",21.8,-1.1,125.8
1982,"Cardiff Bute Park",21.6,0.9,193.9
1982,"Dunstaffnage",18.8,1.3,271.6
1982,"Durham",19.3,-2.1,113.7
1982,"Eastbourne",21.4,2.7,175.8
1982,"Eskdalemuir",19.1,-3,248.6
1982,"Heathrow",22.7,0.4,109.1
1982,"Hurn",22,0.9,183.8
1982,"Lerwick",14.5,0.8,187.2
1982,"Leuchars",18.9,-2.2,135.5
1982,"Lowestoft",20.8,0.7,135.9
1982,"Manston",21.6,1.4,158.9
1982,"Nairn",19.7,-0.9,99.9
1982,"Newton Rigg",20.4,-0.9,170.6
1982,"Oxford",22,-0.1,96.2
1982,"Paisley",21.3,-0.3,183.5
1982,"Ross-on-Wye",21.6,-0.4,96
1982,"Shawbury",20.6,-2.5,95.5
1982,"Sheffield",20.9,-0.3,225
1982,"Stornoway Airport",17,1.8,203.3
1982,"Sutton Bonington",21.3,-1.2,141.7
1982,"Tiree",17,2.8,196.7
1982,"Valley",20.1,2,169.2
1982,"Waddington",20.7,-1.2,146.6
1982,"Whitby",18,-0.4,171.8
1982,"Wick Airport",16.7,0.1,117.4
1982,"Yeovilton",21.7,0.7,110.4
1983,"Aberporth",20.7,0.5,122.1
1983,"Armagh",23.3,0,111.3
1983,"Ballypatrick Forest",19.2,0,NA
1983,"Bradford",22.8,-1.3,166.8
1983,"Braemar",21.2,-4.8,159.4
1983,"Camborne",21.7,1.9,156.5
1983,"Cambridge NIAB",25.8,-1,101.8
1983,"Cardiff Bute Park",25.9,0.3,190.3
1983,"Dunstaffnage",19.6,0.2,344.4
1983,"Durham",22.9,-1.2,102.6
1983,"Eastbourne",22.9,1.3,104.9
1983,"Eskdalemuir",21.7,-2.9,288.4
1983,"Heathrow",27.6,-0.5,101.5
1983,"Hurn",25.8,-0.9,116.7
1983,"Lerwick",14.2,0.5,211.7
1983,"Leuchars",20.5,-1.3,98.7
1983,"Lowestoft",21.3,0.4,85.1
1983,"Manston",23.2,0.1,92.6
1983,"Nairn",19.7,-1.7,92.8
1983,"Newton Rigg",22.5,-1.7,137.5
1983,"Oxford",26.8,-0.7,106.3
1983,"Paisley",21.9,-0.4,236.2
1983,"Ross-on-Wye",26.7,-0.7,99.2
1983,"Shawbury",24.8,-2,86.7
1983,"Sheffield",24.5,-0.8,142.2
1983,"Stornoway Airport",17.2,0,220.1
1983,"Sutton Bonington",25,-1.4,87.7
1983,"Tiree",17.9,1.3,215.5
1983,"Valley",22.2,0.4,140.2
1983,"Waddington",24.5,-1.2,107.8
1983,"Whitby",19.4,-0.5,93.1
1983,"Wick Airport",16.7,-0.6,114.8
1983,"Yeovilton",26.6,-0.2,82.9
1984,"Aberporth",19.9,2.2,154.2
1984,"Armagh",21.1,-0.4,127.9
1984,"Ballypatrick Forest",17.8,-0.6,NA
1984,"Bradford",21.5,0,179.6
1984,"Braemar",20.1,-4.9,243.8
1984,"Camborne",20.3,3,208.7
1984,"Cambridge NIAB",23.6,0.6,113.3
1984,"Cardiff Bute Park",23.3,1.6,218.2
1984,"Dunstaffnage",19.5,0.6,247
1984,"Durham",21.2,-0.5,134.3
1984,"Eastbourne",20.8,3.1,151.8
1984,"Eskdalemuir",20.4,-2.2,303.5
1984,"Heathrow",24.4,1.3,90.9
1984,"Hurn",23.2,0.8,153.8
1984,"Lerwick",15.4,-0.8,173.1
1984,"Leuchars",20.4,-1.4,160.9
1984,"Lowestoft",20.4,0.7,90.4
1984,"Manston",22.3,1.3,76.4
1984,"Nairn",19.8,-2.5,102
1984,"Newton Rigg",21.3,-0.8,185.2
1984,"Oxford",23.9,1,101.6
1984,"Paisley",22.1,-0.3,201.6
1984,"Ross-on-Wye",23.9,0.8,128.7
1984,"Shawbury",22.8,-0.1,135.2
1984,"Sheffield",22.5,0.6,160.2
1984,"Stornoway Airport",17.4,-0.4,167.1
1984,"Sutton Bonington",22.7,0.4,91.6
1984,"Tiree",17.8,0.9,238.2
1984,"Valley",21.5,2.4,145.4
1984,"Waddington",22.2,-0.2,94.6
1984,"Whitby",18.5,1,NA
1984,"Wick Airport",17.4,-1.9,176.1
1984,"Yeovilton",23.3,1,118.6
1985,"Aberporth",17.4,-0.3,146
1985,"Armagh",18.8,-2.2,136.8
1985,"Ballypatrick Forest",16.2,-1.1,NA
1985,"Bradford",19.1,-1.7,98.9
1985,"Braemar",16.6,-4.9,153.7
1985,"Camborne",18.3,0.8,174.2
1985,"Cambridge NIAB",21.8,-2.2,107
1985,"Cardiff Bute Park",21.2,-1.5,186.6
1985,"Dunstaffnage",16.6,-1.1,250.7
1985,"Durham",19,-1.5,82
1985,"Eastbourne",19.9,-0.9,94.8
1985,"Eskdalemuir",16.4,-3.1,345.4
1985,"Heathrow",22.9,-1.8,88.9
1985,"Hurn",22,-3.4,120.2
1985,"Lerwick",14.6,-0.3,176.5
1985,"Leuchars",17.8,-1.2,144.7
1985,"Lowestoft",20.7,-2,122.6
1985,"Manston",21.3,-2.4,85.6
1985,"Nairn",17.9,-1.4,91
1985,"Newton Rigg",18.5,-1.9,142.2
1985,"Oxford",21.6,-1.9,122.5
1985,"Paisley",18,-1.2,288.2
1985,"Ross-on-Wye",21.1,-2.2,137.1
1985,"Shawbury",20.1,-2.6,93
1985,"Sheffield",20.4,-0.8,87.9
1985,"Stornoway Airport",15.6,0.7,222.1
1985,"Sutton Bonington",20.4,-2.2,107.2
1985,"Tiree",15.5,0.2,230.3
1985,"Valley",17.9,-0.4,141
1985,"Waddington",20.2,-1.9,103.6
1985,"Whitby",NA,NA,82.6
1985,"Wick Airport",15.5,-1,140.2
1985,"Yeovilton",21.4,-3.2,129.1
1986,"Aberporth",17.6,-2.7,187.9
1986,"Armagh",18.6,-1.7,109.3
1986,"Ballypatrick Forest",16,-1.4,NA
1986,"Bradford",18.6,-2.8,145.7
1986,"Braemar",17.6,-6.7,154.1
1986,"Camborne",17.6,-0.8,189.8
1986,"Cambridge NIAB",21.7,-4,74.7
1986,"Cardiff Bute Park",20.5,-2.3,179.5
1986,"Dunstaffnage",17.9,-1.4,383.3
1986,"Durham",19.2,-3,169.1
1986,"Eastbourne",19.8,-1.7,146.8
1986,"Eskdalemuir",17,-4.7,331
1986,"Heathrow",22.6,-2.7,105.6
1986,"Hurn",21.4,-3.3,138.4
1986,"Lerwick",13.6,-0.3,194.4
1986,"Leuchars",19.3,-2,112.5
1986,"Lowestoft",NA,NA,NA
1986,"Manston",21.3,-2.8,70.6
1986,"Nairn",17.8,-2.7,80
1986,"Newton Rigg",18.7,-3.7,178.6
1986,"Oxford",21.5,-4.1,114.3
1986,"Paisley",18.6,-1.8,246.5
1986,"Ross-on-Wye",21.2,-3.5,128.7
1986,"Shawbury",20.1,-3.9,93.2
1986,"Sheffield",20,-3,174.1
1986,"Stornoway Airport",15.2,-0.8,216.3
1986,"Sutton Bonington",20.6,-4.1,94.7
1986,"Tiree",15.4,-1,228.9
1986,"Valley",18.3,-2.3,166
1986,"Waddington",20.4,-3.7,85.6
1986,"Whitby",18.8,-1.8,99.8
1986,"Wick Airport",15.6,-1.4,114.6
1986,"Yeovilton",20.7,-3.3,111.3
1987,"Aberporth",17.5,0,219.2
1987,"Armagh",19.9,-0.2,128.5
1987,"Ballypatrick Forest",16.8,0.1,NA
1987,"Bradford",18.7,-1.5,113.7
1987,"Braemar",17.2,-4.6,103.9
1987,"Camborne",18.7,1.4,238.5
1987,"Cambridge NIAB",20.6,-2.1,116.4
1987,"Cardiff Bute Park",21.6,-0.6,190.9
1987,"Dunstaffnage",17.6,0,264
1987,"Durham",19,-1.5,99.6
1987,"Eastbourne",20,-0.4,246.9
1987,"Eskdalemuir",17.6,-3.9,184.5
1987,"Heathrow",21.8,-1,174.8
1987,"Hurn",21.8,-1.7,152.7
1987,"Lerwick",14.2,0.5,245.5
1987,"Leuchars",19,-1.4,103.1
1987,"Lowestoft",20.3,-0.8,117.7
1987,"Manston",20.8,-1.3,132.5
1987,"Nairn",17.6,-1.2,85.8
1987,"Newton Rigg",19.1,-2.4,168.8
1987,"Oxford",21.2,-1.4,138.8
1987,"Paisley",19.3,-0.7,150.9
1987,"Ross-on-Wye",21.4,-1.6,142.1
1987,"Shawbury",19.6,-2.9,113
1987,"Sheffield",19.8,-1.1,140
1987,"Stornoway Airport",15.3,0.8,146.5
1987,"Sutton Bonington",20.1,-1.9,102.2
1987,"Tiree",15.9,1.8,181.4
1987,"Valley",18.1,0.3,192.5
1987,"Waddington",19.5,-1.6,104.4
1987,"Whitby",17.4,-0.7,96.3
1987,"Wick Airport",15,0.1,117.1
1987,"Yeovilton",21.3,-1.9,133.3
1988,"Aberporth",16.9,2.8,164
1988,"Armagh",19.6,1.5,129.9
1988,"Ballypatrick Forest",16,1.4,NA
1988,"Bradford",18.1,1.8,134.5
1988,"Braemar",19.3,-1.1,145.6
1988,"Camborne",17.7,3.9,232.2
1988,"Cambridge NIAB",21.4,1.2,100.3
1988,"Cardiff Bute Park",19.8,1.9,222
1988,"Dunstaffnage",17.7,2.2,242.2
1988,"Durham",19.3,1.3,115.1
1988,"Eastbourne",19.2,3.2,194.9
1988,"Eskdalemuir",17.8,-0.2,268.9
1988,"Heathrow",21.8,1.8,106.9
1988,"Hurn",20.4,0.5,160.5
1988,"Lerwick",14.4,0.8,177
1988,"Leuchars",18.7,0.5,111.5
1988,"Lowestoft",20.9,2.1,108
1988,"Manston",21.1,2.2,114.4
1988,"Nairn",17.9,0.3,104.1
1988,"Newton Rigg",19.3,1,165.6
1988,"Oxford",20.4,1.6,100
1988,"Paisley",20,1.8,160.7
1988,"Ross-on-Wye",19.9,0.6,116.6
1988,"Shawbury",19.2,-0.1,110
1988,"Sheffield",19.5,2.2,173.9
1988,"Stornoway Airport",15.2,2,164.5
1988,"Sutton Bonington",19.9,0.8,120.4
1988,"Tiree",15.4,2.6,183.1
1988,"Valley",18.5,3.5,148.7
1988,"Waddington",19.9,1.4,132.7
1988,"Whitby",18,2.2,76.3
1988,"Wick Airport",15.6,1.1,102
1988,"Yeovilton",20,0.5,132.7
1989,"Aberporth",19.7,2.9,120.2
1989,"Armagh",23.8,1,93
1989,"Ballypatrick Forest",19.9,1.4,NA
1989,"Bradford",21.4,2.4,101.4
1989,"Braemar",21.3,-3.7,127
1989,"Camborne",20.9,4.4,179.8
1989,"Cambridge NIAB",24.8,2.5,125.4
1989,"Cardiff Bute Park",24.7,2.9,157.5
1989,"Dunstaffnage",19.7,1.4,351.1
1989,"Durham",22.5,0.5,63.7
1989,"Eastbourne",22.2,4.9,135.6
1989,"Eskdalemuir",21.5,-0.9,281.7
1989,"Heathrow",25.8,2.6,119.3
1989,"Hurn",24.9,2,203.9
1989,"Lerwick",14.1,1.6,249.9
1989,"Leuchars",21,-1,70.6
1989,"Lowestoft",22.2,2.9,75.5
1989,"Manston",22.9,3,77.4
1989,"Nairn",20.2,-1.8,103.3
1989,"Newton Rigg",22.4,-0.7,127
1989,"Oxford",24.9,3,141.5
1989,"Paisley",22.2,-0.1,198.7
1989,"Ross-on-Wye",25,2.8,150.7
1989,"Shawbury",23.3,1.1,116.2
1989,"Sheffield",22.9,2.7,159.1
1989,"Stornoway Airport",17,1.7,231
1989,"Sutton Bonington",23.4,2.5,112.4
1989,"Tiree",17,2,219.1
1989,"Valley",20.9,2.1,103.9
1989,"Waddington",22.8,2,88.1
1989,"Whitby",19.7,1.6,50.7
1989,"Wick Airport",16.9,0.9,86
1989,"Yeovilton",24.4,2.4,166.1
1990,"Aberporth",20.1,2.8,118
1990,"Armagh",20.2,1.2,153.7
1990,"Ballypatrick Forest",18.2,2,NA
1990,"Bradford",21.4,1.3,153.9
1990,"Braemar",18.1,-1.2,208.5
1990,"Camborne",20.3,3.9,196
1990,"Cambridge NIAB",25.7,2.3,71.1
1990,"Cardiff Bute Park",23.7,2.3,180.6
1990,"Dunstaffnage",NA,NA,350.6
1990,"Durham",22.3,1.6,93.3
1990,"Eastbourne",22.3,4.4,127.2
1990,"Eskdalemuir",18.5,-0.9,368.7
1990,"Heathrow",26,2.5,92.3
1990,"Hurn",24.4,1.1,172.5
1990,"Lerwick",14.6,1.8,199.4
1990,"Leuchars",20.9,0.6,117.7
1990,"Lowestoft",23.3,2.9,121.3
1990,"Manston",24.3,2.5,87.7
1990,"Nairn",18.8,1.6,138.2
1990,"Newton Rigg",20.8,0.6,239.1
1990,"Oxford",24.7,1.7,94.2
1990,"Paisley",20,1.3,252
1990,"Ross-on-Wye",24,1.8,139.8
1990,"Shawbury",23.4,0.9,107
1990,"Sheffield",23.1,2.6,136
1990,"Stornoway Airport",16.7,2,264.1
1990,"Sutton Bonington",24.1,1.8,83.8
1990,"Tiree",16.5,3.1,246.3
1990,"Valley",20.6,3.4,126.5
1990,"Waddington",24,1.9,65.9
1990,"Whitby",21.2,3,87.6
1990,"Wick Airport",17.1,1.8,115.1
1990,"Yeovilton",23.8,1,133
1991,"Aberporth",19.5,-0.1,142.4
1991,"Armagh",20.1,-0.3,91.2
1991,"Ballypatrick Forest",NA,NA,194.3
1991,"Bradford",21.2,-1.9,136.1
1991,"Braemar",19.2,-2.9,144.2
1991,"Camborne",19.2,1.6,155
1991,"Cambridge NIAB",23.7,-1.8,97.6
1991,"Cardiff Bute Park",22.2,-0.8,128.5
1991,"Dunstaffnage",19.7,0.4,270.8
1991,"Durham",21.3,-0.9,80
1991,"Eastbourne",21.1,0.3,139.3
1991,"Eskdalemuir",19,-2.4,230.6
1991,"Heathrow",24.1,-1.3,92.9
1991,"Hurn",22.8,-2.5,111.5
1991,"Lerwick",15.7,1,189.9
1991,"Leuchars",20.6,-1.6,94.7
1991,"Lowestoft",22.5,-0.5,61.4
1991,"Manston",22.8,-1,86.7
1991,"Nairn",19.7,-1,82.3
1991,"Newton Rigg",21.3,-1.8,156.1
1991,"Oxford",23.2,-1.6,92.8
1991,"Paisley",20.8,-0.3,185.2
1991,"Ross-on-Wye",22.8,-1.4,105.4
1991,"Shawbury",21.7,-2.4,71.6
1991,"Sheffield",22.2,-0.3,86.8
1991,"Stornoway Airport",17.3,1.1,214.9
1991,"Sutton Bonington",22.7,-1.3,60.7
1991,"Tiree",18.1,1.6,200.2
1991,"Valley",19.8,0.4,100.6
1991,"Waddington",22.9,-1,73
1991,"Whitby",20.5,0.1,63.7
1991,"Wick Airport",17.8,0.5,128
1991,"Yeovilton",22.2,-3,98.1
1992,"Aberporth",17.8,2.1,149.3
1992,"Armagh",19.5,0.9,146.4
1992,"Ballypatrick Forest",NA,NA,179.6
1992,"Bradford",19.7,0.6,124.9
1992,"Braemar",18.6,-2.4,125.7
1992,"Camborne",19,3.2,175.1
1992,"Cambridge NIAB",21.8,0.5,91.6
1992,"Cardiff Bute Park",22.3,1.8,220
1992,"Dunstaffnage",17.8,2.3,272.3
1992,"Durham",19.7,0,97.7
1992,"Eastbourne",20.2,3.2,138.2
1992,"Eskdalemuir",18.4,-1.5,290.1
1992,"Heathrow",22.5,1.6,94.5
1992,"Hurn",21.4,0.2,148.4
1992,"Lerwick",14.7,1.8,207.7
1992,"Leuchars",19.1,-0.7,105.9
1992,"Lowestoft",21.1,1.9,92.3
1992,"Manston",21.5,1.7,93.5
1992,"Nairn",17.7,0.1,91.3
1992,"Newton Rigg",20.7,-0.4,137.4
1992,"Oxford",21.4,1.3,119.9
1992,"Paisley",19.7,1.1,183.3
1992,"Ross-on-Wye",22.4,1.4,120.8
1992,"Shawbury",20.1,-0.5,107.9
1992,"Sheffield",20.5,1,129.1
1992,"Stornoway Airport",15.9,2.2,191.2
1992,"Sutton Bonington",21.5,0.5,86.8
1992,"Tiree",16.2,4,210
1992,"Valley",19.2,2.7,112.5
1992,"Waddington",20.8,0.2,108.8
1992,"Whitby",19,1.4,103.7
1992,"Wick Airport",15.7,0.6,151.2
1992,"Yeovilton",21.6,0.7,106.1
1993,"Aberporth",16.6,3.1,190.6
1993,"Armagh",17.6,2.3,141.9
1993,"Ballypatrick Forest",NA,NA,249.8
1993,"Bradford",18.5,1.2,183.7
1993,"Braemar",15.9,-2.4,173.3
1993,"Camborne",18,5.3,222.7
1993,"Cambridge NIAB",20.5,2.1,88.9
1993,"Cardiff Bute Park",20.6,2.8,249.5
1993,"Dunstaffnage",16.5,1.6,379
1993,"Durham",18.6,0.7,117.6
1993,"Eastbourne",19.4,3.4,180.7
1993,"Eskdalemuir",16.1,-0.9,351
1993,"Heathrow",21.8,2.4,123
1993,"Hurn",20.8,0.3,178.7
1993,"Lerwick",12.8,0.6,226.6
1993,"Leuchars",18.5,-0.4,167.2
1993,"Lowestoft",NA,2.5,142.8
1993,"Manston",20.8,1.9,121.1
1993,"Nairn",16.7,-0.7,110.9
1993,"Newton Rigg",18.3,0,191.2
1993,"Oxford",20.8,2.4,112.4
1993,"Paisley",18,1.1,277.5
1993,"Ross-on-Wye",20.9,2.1,105.9
1993,"Shawbury",19.4,0.6,122.4
1993,"Sheffield",19.4,2.2,171.4
1993,"Stornoway Airport",14.6,1.5,274.7
1993,"Sutton Bonington",19.9,2.3,93.7
1993,"Tiree",15,2.8,258.7
1993,"Valley",17.5,3.5,127.1
1993,"Waddington",19.4,1.9,101.9
1993,"Whitby",18.3,2.6,139
1993,"Wick Airport",14.5,-0.3,93.7
1993,"Yeovilton",20.6,1.8,117.9
1994,"Aberporth",18.8,1.7,157.4
1994,"Armagh",19.5,0.1,109.5
1994,"Ballypatrick Forest",NA,NA,194
1994,"Bradford",22.1,-0.6,147.8
1994,"Braemar",18.7,-2.4,148.7
1994,"Camborne",19.2,4,172.1
1994,"Cambridge NIAB",25.8,0,74.9
1994,"Cardiff Bute Park",23.1,1.3,199.7
1994,"Dunstaffnage",18.4,1.2,309
1994,"Durham",21.3,-1.3,70.8
1994,"Eastbourne",22,2.9,132
1994,"Eskdalemuir",18.6,-1.7,317.7
1994,"Heathrow",26.2,1.2,86.3
1994,"Hurn",23.9,0.2,133.9
1994,"Lerwick",15.1,0.4,241.7
1994,"Leuchars",19.3,-0.6,96.8
1994,"Lowestoft",22.3,0.9,74.9
1994,"Manston",24.1,0.9,77
1994,"Nairn",19.5,-1.2,95.8
1994,"Newton Rigg",20.2,-1.1,195.6
1994,"Oxford",24.8,1.3,84.5
1994,"Paisley",20,0.5,277.8
1994,"Ross-on-Wye",24.2,0.7,118
1994,"Shawbury",22.9,-0.4,102.6
1994,"Sheffield",23.3,-0.6,148.2
1994,"Stornoway Airport",16.4,1.8,189.7
1994,"Sutton Bonington",24.3,0,104.8
1994,"Tiree",16.6,2.3,205
1994,"Valley",19,2,126.1
1994,"Waddington",24.1,-0.7,100.7
1994,"Whitby",20.2,0.6,88.7
1994,"Wick Airport",16.2,0.8,95
1994,"Yeovilton",23.4,0.6,99.8
1995,"Aberporth",22.4,1.8,145.6
1995,"Armagh",23.8,1,152
1995,"Ballypatrick Forest",NA,NA,175.8
1995,"Bradford",23.3,0.1,141
1995,"Braemar",22.1,-5.2,180.8
1995,"Camborne",22.5,4.1,169.6
1995,"Cambridge NIAB",25.8,-0.4,105.4
1995,"Cardiff Bute Park",26,1,211.3
1995,"Dunstaffnage",NA,NA,NA
1995,"Durham",23.1,-0.9,116.1
1995,"Eastbourne",23.5,2.4,148.1
1995,"Eskdalemuir",21.5,-3,335.1
1995,"Heathrow",27,1,113.7
1995,"Hurn",26.9,0.6,171.5
1995,"Lerwick",15.1,0.2,232.1
1995,"Leuchars",21.3,-0.9,136.6
1995,"Lowestoft",22.6,1.3,98.4
1995,"Manston",24.3,1.4,94.3
1995,"Nairn",20.1,-1.8,222.4
1995,"Newton Rigg",23.5,-1.7,146.1
1995,"Oxford",26.4,0.2,116.3
1995,"Paisley",22.7,-1.1,279.5
1995,"Ross-on-Wye",26.7,-0.2,133
1995,"Shawbury",25.2,-1,104.9
1995,"Sheffield",24.4,0.1,157.7
1995,"Stornoway Airport",17.9,0.9,212.3
1995,"Sutton Bonington",25.3,-0.6,104.5
1995,"Tiree",18.4,1.9,195
1995,"Valley",23.4,1.5,135.8
1995,"Waddington",24.4,-0.1,81.8
1995,"Whitby",20.5,0.1,NA
1995,"Wick Airport",18.4,-0.3,160.4
1995,"Yeovilton",26.9,0.4,132.3
1996,"Aberporth",17.9,1.1,107.2
1996,"Armagh",19.2,-0.4,93.2
1996,"Ballypatrick Forest",NA,NA,159.8
1996,"Bradford",20.2,-0.3,136.3
1996,"Braemar",18,-3.2,121.4
1996,"Camborne",18.6,2.5,201.4
1996,"Cambridge NIAB",23.2,-1,70.9
1996,"Cardiff Bute Park",22.1,0.3,156.2
1996,"Dunstaffnage",NA,NA,NA
1996,"Durham",20.7,-0.7,77.3
1996,"Eastbourne",20.4,1.5,148.8
1996,"Eskdalemuir",18.6,-2.1,326
1996,"Heathrow",24.2,0.1,91
1996,"Hurn",22.6,-1.1,145.7
1996,"Lerwick",14.7,0.4,170.5
1996,"Leuchars",20,-0.4,92.6
1996,"Lowestoft",20.9,0.3,128.7
1996,"Manston",21.8,-0.1,87
1996,"Nairn",NA,NA,NA
1996,"Newton Rigg",19.6,-1.1,117.8
1996,"Oxford",23.3,-0.1,81.6
1996,"Paisley",20.2,0.4,194.4
1996,"Ross-on-Wye",23,-0.4,85.7
1996,"Shawbury",21.3,-1.7,69.8
1996,"Sheffield",21.5,0,134.3
1996,"Stornoway Airport",16,1.1,211.6
1996,"Sutton Bonington",22.2,-0.5,76.9
1996,"Tiree",15.9,1.7,247
1996,"Valley",19.1,1,122.9
1996,"Waddington",22.1,-0.5,87.6
1996,"Whitby",18.9,-0.7,66
1996,"Wick Airport",16.5,NA,164.4
1996,"Yeovilton",22.4,-0.6,106
1997,"Aberporth",20.2,1,219
1997,"Armagh",21,2.2,95.3
1997,"Ballypatrick Forest",NA,NA,178.3
1997,"Bradford",22.1,0.1,143
1997,"Braemar",20.3,-2.6,124.4
1997,"Camborne",20.5,2.1,196.6
1997,"Cambridge NIAB",26.3,-1.2,151
1997,"Cardiff Bute Park",23.3,-0.1,251
1997,"Dunstaffnage",NA,NA,NA
1997,"Durham",22,-0.3,174.4
1997,"Eastbourne",22.6,0.5,166.6
1997,"Eskdalemuir",20,-1.2,401.6
1997,"Heathrow",25.8,0.2,78.6
1997,"Hurn",23.3,-1,169.5
1997,"Lerwick",16.7,1.4,175.1
1997,"Leuchars",20.5,0.1,115.4
1997,"Lowestoft",22.7,0.8,104.6
1997,"Manston",25.1,-0.3,97
1997,"Nairn",21,0.1,142.6
1997,"Newton Rigg",21,-1.4,182.1
1997,"Oxford",24.9,-0.2,104.2
1997,"Paisley",21.5,1.3,250.2
1997,"Ross-on-Wye",23.8,-0.2,130
1997,"Shawbury",23.4,-1.2,96.9
1997,"Sheffield",23.3,0.2,130.9
1997,"Stornoway Airport",18.7,2,277.4
1997,"Sutton Bonington",24.5,-1.4,114.3
1997,"Tiree",18.2,2.6,201.9
1997,"Valley",20.6,0.9,109.7
1997,"Waddington",24,-0.8,136.3
1997,"Whitby",20.3,0.2,124.9
1997,"Wick Airport",18.1,0.6,102.2
1997,"Yeovilton",23.4,-0.8,151
1998,"Aberporth",17.9,3.5,125.2
1998,"Armagh",19,2.4,118.4
1998,"Ballypatrick Forest",NA,NA,207.3
1998,"Bradford",19.1,2.1,148.7
1998,"Braemar",16.4,-0.7,184.1
1998,"Camborne",18.8,4.5,179.4
1998,"Cambridge NIAB",22.6,2.4,120.4
1998,"Cardiff Bute Park",20.9,1.9,228.8
1998,"Dunstaffnage",17.3,2.6,NA
1998,"Durham",18.7,1.4,151
1998,"Eastbourne",21,4.3,167.3
1998,"Eskdalemuir",16.9,0,276.1
1998,"Heathrow",23.5,3.4,103.8
1998,"Hurn",22.7,1.6,146.1
1998,"Lerwick",13.1,1.9,214.9
1998,"Leuchars",18.3,0.9,108.6
1998,"Lowestoft",20.5,2.9,104.4
1998,"Manston",22.5,3,133.1
1998,"Nairn",NA,NA,NA
1998,"Newton Rigg",17.7,1.5,184.3
1998,"Oxford",22.4,2.2,119.4
1998,"Paisley",18.2,2.5,239.8
1998,"Ross-on-Wye",21.7,2.5,124.3
1998,"Shawbury",20.2,0.2,106.8
1998,"Sheffield",20.1,2.4,197.9
1998,"Stornoway Airport",15.7,3.2,209.7
1998,"Sutton Bonington",20.9,2.3,126.8
1998,"Tiree",15.9,3.9,207.5
1998,"Valley",18.4,4.3,135.3
1998,"Waddington",20.7,1.9,96.2
1998,"Whitby",NA,3.1,105.2
1998,"Wick Airport",NA,NA,167.9
1998,"Yeovilton",21.4,2.2,135.8
1999,"Aberporth",19.7,3.8,143
1999,"Armagh",20.7,1.7,158.9
1999,"Ballypatrick Forest",NA,NA,300.2
1999,"Bradford",21.5,1.5,180.4
1999,"Braemar",19.3,-2.2,197.2
1999,"Camborne",19.5,5.3,222.2
1999,"Cambridge NIAB",24.5,1.8,92.5
1999,"Cardiff Bute Park",23.1,2.2,231
1999,"Dunstaffnage",19.1,2,NA
1999,"Durham",20.8,0.7,92.7
1999,"Eastbourne",22.1,3.6,172.6
1999,"Eskdalemuir",18.9,-1.2,291.3
1999,"Heathrow",24.9,2.4,124.8
1999,"Hurn",24,1.6,180.6
1999,"Lerwick",14.4,0.5,274.2
1999,"Leuchars",19.2,-0.2,86.8
1999,"Lowestoft",21.3,1.6,122.4
1999,"Manston",22.2,2,75.4
1999,"Nairn",19.1,0.2,88.5
1999,"Newton Rigg",20.4,0.7,197.8
1999,"Oxford",24.2,1.7,102.1
1999,"Paisley",20.2,0.9,297.1
1999,"Ross-on-Wye",24,0.6,129.1
1999,"Shawbury",22.5,1.1,128.1
1999,"Sheffield",22.5,1.9,135.6
1999,"Stornoway Airport",16.4,1.3,214
1999,"Sutton Bonington",22.9,1.9,86.3
1999,"Tiree",17.2,3.2,259.6
1999,"Valley",20,4.5,148.2
1999,"Waddington",22.3,1.4,94.1
1999,"Whitby",NA,NA,74.1
1999,"Wick Airport",16.4,0,117
1999,"Yeovilton",23.3,2.1,137.5
2000,"Aberporth",18.5,3.6,195
2000,"Armagh",20.5,2.4,115.8
2000,"Ballypatrick Forest",NA,NA,189.6
2000,"Bradford",20.1,2.3,168.2
2000,"Braemar",17.8,-0.4,163.5
2000,"Camborne",19.7,4.3,193.4
2000,"Cambridge NIAB",23.1,1.8,108.8
2000,"Cardiff Bute Park",21.9,1.2,267.6
2000,"Dunstaffnage",19.3,3,284.6
2000,"Durham",20.2,1.9,149.8
2000,"Eastbourne",21.2,3.1,261.1
2000,"Eskdalemuir",17.7,-0.4,244.4
2000,"Heathrow",23.2,2.4,155.4
2000,"Hurn",22.5,0,201.6
2000,"Lerwick",14,1.3,182.4
2000,"Leuchars",19.8,1.5,126.2
2000,"Lowestoft",21,2.6,134.6
2000,"Manston",21.9,2.7,148.4
2000,"Nairn",18.7,1.3,138.3
2000,"Newton Rigg",18.7,1.1,166.2
2000,"Oxford",22.7,2,137.2
2000,"Paisley",20.5,2.7,178
2000,"Ross-on-Wye",21.9,0.5,177
2000,"Shawbury",20.6,1.4,114.7
2000,"Sheffield",21.2,2.7,167.9
2000,"Stornoway Airport",16.5,2.3,202.3
2000,"Sutton Bonington",21.6,1.7,99.8
2000,"Tiree",17,3.6,226.4
2000,"Valley",19,4.2,220
2000,"Waddington",21.7,1.7,124.2
2000,"Whitby",NA,NA,NA
2000,"Wick Airport",16.3,1.1,113.3
2000,"Yeovilton",21.8,0.8,162.4
2001,"Aberporth",17.9,2.2,147.4
2001,"Armagh",19.5,-0.1,88.1
2001,"Ballypatrick Forest",NA,NA,161.6
2001,"Bradford",20.6,0.1,127.4
2001,"Braemar",17.4,-2.8,170.2
2001,"Camborne",19.3,4.2,137.8
2001,"Cambridge NIAB",23.1,0.4,128.9
2001,"Cardiff Bute Park",21.6,1.3,183.4
2001,"Dunstaffnage",17.9,0.6,244.8
2001,"Durham",20.3,-0.4,103.6
2001,"Eastbourne",21.2,2.8,144.5
2001,"Eskdalemuir",17.8,-2,254.4
2001,"Heathrow",24.3,1.4,108.2
2001,"Hurn",22.3,-0.4,150.4
2001,"Lerwick",14.2,-0.1,160.2
2001,"Leuchars",19,-1,100
2001,"Lowestoft",21.5,1.8,122
2001,"Manston",NA,NA,103.4
2001,"Nairn",18.2,-1.5,95.5
2001,"Newton Rigg",20,-2,150.8
2001,"Oxford",23.4,0.2,92.4
2001,"Paisley",19.3,0.6,141.7
2001,"Ross-on-Wye",22.2,0.3,162.3
2001,"Shawbury",21.3,-0.8,92.5
2001,"Sheffield",21.4,0.3,113
2001,"Stornoway Airport",16.8,1,179.4
2001,"Sutton Bonington",21.9,-0.1,100.3
2001,"Tiree",16.6,2.4,183.8
2001,"Valley",18.2,2.2,98.5
2001,"Waddington",21.7,-0.1,99.4
2001,"Whitby",20,0.7,90.6
2001,"Wick Airport",16.5,-0.4,129.8
2001,"Yeovilton",21.8,-0.5,117.4
2002,"Aberporth",17.4,4.1,180.2
2002,"Armagh",19.7,3.1,158
2002,"Ballypatrick Forest",17.6,2.6,249.8
2002,"Bradford",20.2,2.3,191.8
2002,"Braemar",18.5,-0.2,162.7
2002,"Camborne",18.1,6.1,242.2
2002,"Cambridge NIAB",22.9,2.6,94.6
2002,"Cardiff Bute Park",21.7,3.7,217.1
2002,"Dunstaffnage",18.8,3.5,239.7
2002,"Durham",20.5,1.5,92.2
2002,"Eastbourne",21.6,5,171.7
2002,"Eskdalemuir",18.8,0.8,335.5
2002,"Heathrow",23.3,3.5,151
2002,"Hurn",21.8,3,234.6
2002,"Lerwick",16,1.2,170.3
2002,"Leuchars",19.1,1,169.6
2002,"Lowestoft",NA,NA,NA
2002,"Manston",22.2,3.4,119
2002,"Nairn",18.4,1.5,131.7
2002,"Newton Rigg",19.8,0.8,213
2002,"Oxford",22.8,3.4,133.4
2002,"Paisley",20.5,2.5,210
2002,"Ross-on-Wye",22.2,2.9,183.2
2002,"Shawbury",20.6,1.5,104.6
2002,"Sheffield",21.2,2.5,173.9
2002,"Stornoway Airport",16.4,1.9,197.6
2002,"Sutton Bonington",21.8,1.9,156
2002,"Tiree",16.8,3.9,187.2
2002,"Valley",18.1,4.5,171
2002,"Waddington",21.5,2,177.8
2002,"Whitby",19.8,2.7,138.4
2002,"Wick Airport",16.6,0.4,117.8
2002,"Yeovilton",21.3,3.1,192.4
2003,"Aberporth",19.7,2.3,111.4
2003,"Armagh",21.1,1.2,108.6
2003,"Ballypatrick Forest",18.5,2.1,168.8
2003,"Bradford",21.6,0,81.8
2003,"Braemar",19.8,-2.8,107.4
2003,"Camborne",21,4,128
2003,"Cambridge NIAB",25.3,0.8,80.8
2003,"Cardiff Bute Park",24.5,1.9,138.1
2003,"Dunstaffnage",NA,NA,NA
2003,"Durham",21,-0.7,65
2003,"Eastbourne",22.9,2.6,141.1
2003,"Eskdalemuir",19.8,-2,207.2
2003,"Heathrow",26.4,1.8,113.8
2003,"Hurn",24.9,0.8,164.4
2003,"Lerwick",16.6,1.8,198.9
2003,"Leuchars",20.5,-0.1,66.8
2003,"Lowestoft",NA,NA,98
2003,"Manston",23.9,1.6,110.2
2003,"Nairn",20.8,-0.9,65.2
2003,"Newton Rigg",20.9,-0.9,101.8
2003,"Oxford",25.5,0.6,89.6
2003,"Paisley",21.1,0.7,132.9
2003,"Ross-on-Wye",24.3,0.7,83.8
2003,"Shawbury",22.1,-0.5,100
2003,"Sheffield",22.4,0,111.1
2003,"Stornoway Airport",17.8,2.3,154.2
2003,"Sutton Bonington",23.7,-0.3,96
2003,"Tiree",17.7,3.3,183.6
2003,"Valley",20.7,2,109.6
2003,"Waddington",22.9,0.2,95.4
2003,"Whitby",21.3,0.6,96.5
2003,"Wick Airport",18.1,1.2,103.2
2003,"Yeovilton",24.6,1.3,95.3
2004,"Aberporth",19.1,3.8,168.8
2004,"Armagh",20.2,1.3,143.3
2004,"Ballypatrick Forest",17.4,2.2,171.8
2004,"Bradford",20.5,2.6,189.9
2004,"Braemar",18.4,-1.9,177.2
2004,"Camborne",19.5,4,190.6
2004,"Cambridge NIAB",24,2.5,70.7
2004,"Cardiff Bute Park",22.3,2.9,182.5
2004,"Dunstaffnage",NA,NA,NA
2004,"Durham",20,1.7,155.8
2004,"Eastbourne",21.4,4,123.1
2004,"Eskdalemuir",18.8,-0.2,309
2004,"Heathrow",23.8,2.9,107.8
2004,"Hurn",22.1,1,154.2
2004,"Lerwick",15.6,1.9,153.2
2004,"Leuchars",18.9,1,215.6
2004,"Lowestoft",20.9,2.4,153
2004,"Manston",22.1,2.8,109
2004,"Nairn",19.1,0.6,122.2
2004,"Newton Rigg",19.8,0.6,251.6
2004,"Oxford",23.4,2.7,135
2004,"Paisley",20.6,1.9,202.6
2004,"Ross-on-Wye",22.5,2.9,140.6
2004,"Shawbury",21.2,1.8,112.8
2004,"Sheffield",21.3,3,181
2004,"Stornoway Airport",17.3,1.6,149.2
2004,"Sutton Bonington",22,2.3,161.6
2004,"Tiree",18.1,3.1,192.8
2004,"Valley",19.8,3.2,141
2004,"Waddington",21.8,2.1,145.9
2004,"Whitby",19.4,2.7,131.2
2004,"Wick Airport",16.1,0.3,111.2
2004,"Yeovilton",22.3,2.1,101
2005,"Aberporth",18.4,2.7,194.4
2005,"Armagh",19.6,2,91.5
2005,"Ballypatrick Forest",NA,NA,159.6
2005,"Bradford",20.3,1.3,103.8
2005,"Braemar",NA,NA,NA
2005,"Camborne",19.4,3.2,164.5
2005,"Cambridge NIAB",22.6,1.8,166.2
2005,"Cardiff Bute Park",22.2,2.4,160
2005,"Dunstaffnage",NA,NA,NA
2005,"Durham",20.2,1.2,82
2005,"Eastbourne",21.4,3.1,98
2005,"Eskdalemuir",18.5,-0.7,312
2005,"Heathrow",23.3,1.9,73.4
2005,"Hurn",22,-1,112.4
2005,"Lerwick",14.1,2.1,194.2
2005,"Leuchars",20.1,1,130.8
2005,"Lowestoft",20,2.1,79.6
2005,"Manston",NA,NA,NA
2005,"Nairn",18.7,1.4,103.6
2005,"Newton Rigg",19.3,0.2,153.4
2005,"Oxford",23.1,1.8,93.4
2005,"Paisley",20.1,2.5,204.4
2005,"Ross-on-Wye",22.2,1.1,131.6
2005,"Shawbury",21,0.9,87.2
2005,"Sheffield",20.7,2.1,113.1
2005,"Stornoway Airport",16.2,2.1,164.8
2005,"Sutton Bonington",22.1,1.7,89.7
2005,"Tiree",16.4,3,148.3
2005,"Valley",19,3,189.8
2005,"Waddington",20.9,1.6,71.2
2005,"Whitby",19.8,2.4,98.6
2005,"Wick Airport",16,1.1,96.4
2005,"Yeovilton",21.9,-0.3,112.9
2006,"Aberporth",21.2,2.2,153.8
2006,"Armagh",23.4,1,113.7
2006,"Ballypatrick Forest",19.9,2,183.4
2006,"Bradford",24.8,1.1,133.5
2006,"Braemar",22,-1.8,128.8
2006,"Camborne",21.3,3.1,155.6
2006,"Cambridge NIAB",28.3,1.5,74.9
2006,"Cardiff Bute Park",25.5,2.3,178.1
2006,"Dunstaffnage",20.4,1.8,NA
2006,"Durham",24.2,0.8,125.5
2006,"Eastbourne",23.9,3.3,118.2
2006,"Eskdalemuir",22.1,-1,331.4
2006,"Heathrow",28.2,1.7,98
2006,"Hurn",25.5,0.3,129
2006,"Lerwick",16,0.3,204.6
2006,"Leuchars",21.9,1,103.6
2006,"Lowestoft",NA,NA,157.4
2006,"Manston",25.4,2,NA
2006,"Nairn",NA,NA,NA
2006,"Newton Rigg",23.3,0.5,204.8
2006,"Oxford",27.1,0.8,118
2006,"Paisley",22.7,2.1,298.9
2006,"Ross-on-Wye",26.8,1.2,117
2006,"Shawbury",25.6,0.6,92.8
2006,"Sheffield",25.6,1.4,114
2006,"Stornoway Airport",18.2,2,204.3
2006,"Sutton Bonington",26.5,1.4,92.6
2006,"Tiree",17.7,2.6,184.6
2006,"Valley",22,3.1,140
2006,"Waddington",25.8,1.2,87
2006,"Whitby",23.4,2,88.6
2006,"Wick Airport",18.5,0.7,234.6
2006,"Yeovilton",26,0.5,108.7
2007,"Aberporth",17,3.6,155.2
2007,"Armagh",18.9,2.1,135.3
2007,"Ballypatrick Forest",16.3,2.9,160.8
2007,"Bradford",19.2,2.1,261.4
2007,"Braemar",16.5,-2.4,129.4
2007,"Camborne",18.1,5.8,212.8
2007,"Cambridge NIAB",21.6,1.9,124.3
2007,"Cardiff Bute Park",21.1,2.9,178.9
2007,"Dunstaffnage",17.5,3.2,285.8
2007,"Durham",19.2,1.1,118.8
2007,"Eastbourne",20.8,4.3,111.1
2007,"Eskdalemuir",17.4,-0.5,286.9
2007,"Heathrow",21.5,3.1,115.2
2007,"Hurn",20.9,1.9,118.6
2007,"Lerwick",13.7,2.1,194.8
2007,"Leuchars",18.4,0.3,134.7
2007,"Lowestoft",NA,NA,150
2007,"Manston",20.6,3.3,NA
2007,"Nairn",NA,NA,NA
2007,"Newton Rigg",18.1,-0.1,162.4
2007,"Oxford",21.7,2.4,135.2
2007,"Paisley",18.8,2.3,216.5
2007,"Ross-on-Wye",21.2,2.6,161.1
2007,"Shawbury",19.7,1.6,146.4
2007,"Sheffield",19.7,2.4,285.6
2007,"Stornoway Airport",15.9,3.4,215
2007,"Sutton Bonington",21.5,2.4,142
2007,"Tiree",16.2,4.3,144.3
2007,"Valley",18.3,4,101.9
2007,"Waddington",20.6,2.4,200.6
2007,"Whitby",19.7,2.6,139.5
2007,"Wick Airport",15.4,1.8,106.8
2007,"Yeovilton",20.6,2.2,102.8
2008,"Aberporth",17.9,3.1,153.6
2008,"Armagh",19.6,0.6,151.2
2008,"Ballypatrick Forest",17,1.5,313
2008,"Bradford",19.8,1.1,214.4
2008,"Braemar",18.4,-2.5,183.6
2008,"Camborne",18,4.7,143.4
2008,"Cambridge NIAB",22.8,0.6,68.9
2008,"Cardiff Bute Park",21.2,0.6,197.8
2008,"Dunstaffnage",NA,NA,NA
2008,"Durham",20.1,0.6,134
2008,"Eastbourne",20.9,2.8,130.1
2008,"Eskdalemuir",18.7,-1.7,351.8
2008,"Heathrow",22.8,1.7,76.8
2008,"Hurn",21.1,-0.5,114.8
2008,"Lerwick",15.5,1.3,219
2008,"Leuchars",18.5,0.2,165.5
2008,"Lowestoft",21.4,2,102.8
2008,"Manston",22,1.9,162.4
2008,"Nairn",NA,NA,NA
2008,"Newton Rigg",19.5,-1,189
2008,"Oxford",22,1.3,106.6
2008,"Paisley",19.5,0.8,259.9
2008,"Ross-on-Wye",21.6,1,111.1
2008,"Shawbury",20.8,-0.5,107
2008,"Sheffield",20.8,1.4,154
2008,"Stornoway Airport",17,2,190.8
2008,"Sutton Bonington",21.8,0.6,96.6
2008,"Tiree",17,3.1,179.6
2008,"Valley",18.8,2.6,164.6
2008,"Waddington",21.2,1.1,105.6
2008,"Whitby",19.9,1.6,99.7
2008,"Wick Airport",16.4,0.9,117.8
2008,"Yeovilton",20.8,-0.1,96
2009,"Aberporth",18.3,1.4,203.8
2009,"Armagh",19.7,-0.1,171.8
2009,"Ballypatrick Forest",17.4,1.2,274.8
2009,"Bradford",19.9,0.6,215.2
2009,"Braemar",17.8,-6.5,169.8
2009,"Camborne",18.2,3.7,222.2
2009,"Cambridge NIAB",23.6,0.2,89.8
2009,"Cardiff Bute Park",21,0.4,220.4
2009,"Dunstaffnage",18.5,0.2,269.6
2009,"Durham",20.1,-0.5,168.8
2009,"Eastbourne",21.9,1.7,235.2
2009,"Eskdalemuir",18.4,-2.8,431.6
2009,"Heathrow",23.9,0.3,148
2009,"Hurn",21.2,-0.4,163.2
2009,"Lerwick",15.6,1.4,216.4
2009,"Leuchars",19.5,-2.5,139.8
2009,"Lowestoft",22.8,1.2,99.8
2009,"Manston",23.8,0.3,132
2009,"Nairn",19.8,-2.8,121.9
2009,"Newton Rigg",18.9,-1.6,269.4
2009,"Oxford",22.7,0.2,105.2
2009,"Paisley",20,-0.9,250.7
2009,"Ross-on-Wye",21.1,0.1,168.1
2009,"Shawbury",20.6,-0.7,110.8
2009,"Sheffield",21,1.3,168.2
2009,"Stornoway Airport",17.2,1.9,173.4
2009,"Sutton Bonington",21.9,0.5,100.8
2009,"Tiree",16.8,2.6,239.8
2009,"Valley",19,2.4,205.6
2009,"Waddington",21.6,0.6,96.6
2009,"Whitby",21.1,1.2,125.3
2009,"Wick Airport",16.8,0.5,127.6
2009,"Yeovilton",20.8,-0.3,111.2
2010,"Aberporth",18.1,-0.1,122.2
2010,"Armagh",20.1,-3.8,131.9
2010,"Ballypatrick Forest",17.3,-0.3,175
2010,"Bradford",20,-3.7,138.3
2010,"Braemar",17.3,-8.1,172
2010,"Camborne",18.6,1.4,164.8
2010,"Cambridge NIAB",24.6,-2.7,133.2
2010,"Cardiff Bute Park",22,-3.4,144.6
2010,"Dunstaffnage",18.4,-2.1,177.2
2010,"Durham",20.3,-3.4,157.3
2010,"Eastbourne",22,-0.5,119
2010,"Eskdalemuir",18.7,-6.8,249
2010,"Heathrow",25,-1.5,100.4
2010,"Hurn",22.8,-3.4,107.4
2010,"Lerwick",14.7,-1.2,143.1
2010,"Leuchars",19.6,-4.1,124.2
2010,"Lowestoft",23.6,-1.4,140.5
2010,"Manston",23.8,-1,112.8
2010,"Nairn",18.6,-3.7,109.8
2010,"Newton Rigg",19.1,-7,118.8
2010,"Oxford",23.9,-2.2,146.2
2010,"Paisley",20.2,-4.4,132.8
2010,"Ross-on-Wye",22.1,-4.3,113.7
2010,"Shawbury",20.8,-5.8,74.6
2010,"Sheffield",21,-1.9,112.7
2010,"Stornoway Airport",16.1,-0.7,129
2010,"Sutton Bonington",22,-4,91
2010,"Tiree",16.1,0.3,140.4
2010,"Valley",18.3,-0.9,126.6
2010,"Waddington",22.3,-3.3,113.8
2010,"Whitby",21.4,-2.2,189
2010,"Wick Airport",16.2,-2.9,88.2
2010,"Yeovilton",22.5,-4.5,72.6
2011,"Aberporth",17.5,2.1,126.4
2011,"Armagh",19,0.5,182.5
2011,"Ballypatrick Forest",15.8,1.4,246.4
2011,"Bradford",19.5,1,141.4
2011,"Braemar",16.9,-2.3,137.6
2011,"Camborne",17.6,3.5,134
2011,"Cambridge NIAB",21.6,2.2,53
2011,"Cardiff Bute Park",20.7,1.6,145.2
2011,"Dunstaffnage",18.5,1.6,417.8
2011,"Durham",19.5,0.5,125
2011,"Eastbourne",20.2,3.6,193.6
2011,"Eskdalemuir",18.3,-2,268.8
2011,"Heathrow",21.8,2.8,84
2011,"Hurn",20.6,1.8,133.6
2011,"Lerwick",14.1,1.3,241
2011,"Leuchars",18,-0.4,154.4
2011,"Lowestoft",21.1,2.7,70.9
2011,"Manston",21.3,3.1,106.6
2011,"Nairn",18.1,0.3,112.2
2011,"Newton Rigg",19,-0.3,162.8
2011,"Oxford",21.4,1.9,71.2
2011,"Paisley",20.3,1,234.3
2011,"Ross-on-Wye",21,1.3,75.8
2011,"Shawbury",20.4,0.2,77.8
2011,"Sheffield",20.3,1.9,124.6
2011,"Stornoway Airport",16,1.8,195
2011,"Sutton Bonington",21.5,1.4,60.4
2011,"Tiree",15.8,3.2,262.2
2011,"Valley",18.2,2,91
2011,"Waddington",20.5,1.2,62.4
2011,"Whitby",19.4,1.3,133.1
2011,"Wick Airport",15.2,0.6,180.2
2011,"Yeovilton",20.7,1.1,88.6
2012,"Aberporth",18.4,2.8,168.6
2012,"Armagh",20,1.7,146.6
2012,"Ballypatrick Forest",17.3,2.5,226
2012,"Bradford",19.8,1.6,164
2012,"Braemar",17.6,-2.1,136.2
2012,"Camborne",19,4.1,202
2012,"Cambridge NIAB",23.5,0.1,101.4
2012,"Cardiff Bute Park",20.9,1.7,229.4
2012,"Dunstaffnage",18.8,2.4,217
2012,"Durham",19.9,1.1,136.6
2012,"Eastbourne",21.4,1.4,178.7
2012,"Eskdalemuir",18,-0.4,245.6
2012,"Heathrow",23.5,1.3,110.8
2012,"Hurn",21.2,0.4,161.2
2012,"Lerwick",14.7,1.2,162.1
2012,"Leuchars",18.6,0.4,135.2
2012,"Lowestoft",22,1.6,108.9
2012,"Manston",22.7,0.6,134.4
2012,"Nairn",19.1,0,102.5
2012,"Newton Rigg",18.8,0.6,157.4
2012,"Oxford",21.8,1.2,151.7
2012,"Paisley",19.7,1.2,184
2012,"Ross-on-Wye",20.9,1,184.9
2012,"Shawbury",20.3,0.7,133
2012,"Sheffield",20.9,2.3,180.6
2012,"Stornoway Airport",16.7,1.8,158.6
2012,"Sutton Bonington",21.4,0.8,134.9
2012,"Tiree",17.1,3.5,177.8
2012,"Valley",19,3.9,149.2
2012,"Waddington",21.4,0.9,155.4
2012,"Whitby",20.4,1.8,137.2
2012,"Wick Airport",16,1,124.7
2012,"Yeovilton",20.7,0.8,138.6
2013,"Aberporth",20.7,1,161.4
2013,"Armagh",23.1,0.3,129.3
2013,"Ballypatrick Forest",19.6,0.6,218.6
2013,"Bradford",23.1,-0.6,125.4
2013,"Braemar",21.9,-4.1,188.4
2013,"Camborne",20.8,2.8,175.6
2013,"Cambridge NIAB",25.1,0.1,78.2
2013,"Cardiff Bute Park",25,1.1,230.6
2013,"Dunstaffnage",20.3,1.2,330.5
2013,"Durham",23.2,-0.2,100.8
2013,"Eastbourne",22.5,2.3,170.8
2013,"Eskdalemuir",21.4,-2.3,390.4
2013,"Heathrow",27,1.2,98.2
2013,"Hurn",25.4,0.2,192.2
2013,"Lerwick",14.6,0.4,165.2
2013,"Leuchars",21.4,-0.6,117.4
2013,"Lowestoft",22.1,0.8,92.4
2013,"Manston",22.6,1,136
2013,"Nairn",21.8,-1.3,73.8
2013,"Newton Rigg",22.5,-1.8,203.2
2013,"Oxford",25.5,0.2,97.7
2013,"Paisley",22.4,0.1,235.9
2013,"Ross-on-Wye",25.5,-0.3,184
2013,"Shawbury",24.1,-1,96.6
2013,"Sheffield",24,-0.2,136.2
2013,"Stornoway Airport",18.1,1.5,248.8
2013,"Sutton Bonington",24.3,-0.2,98.2
2013,"Tiree",17.7,1.9,219.4
2013,"Valley",21.6,1.1,173.8
2013,"Waddington",23.4,-0.2,105.7
2013,"Whitby",22.4,0.5,97.4
2013,"Wick Airport",18.2,0.1,108.6
2013,"Yeovilton",25.3,0,121.4
2014,"Aberporth",19.3,3.8,195.4
2014,"Armagh",21.4,1.1,149
2014,"Ballypatrick Forest",18.5,2.3,239.2
2014,"Bradford",22.2,2.2,145.2
2014,"Braemar",20.1,-1.7,189
2014,"Camborne",20.3,4.7,218.4
2014,"Cambridge NIAB",24.4,2.8,126.8
2014,"Cardiff Bute Park",23.6,2.1,234.6
2014,"Dunstaffnage",19.8,2.8,307.8
2014,"Durham",21.8,1.9,91.2
2014,"Eastbourne",22.3,3.9,162.8
2014,"Eskdalemuir",20,-0.5,315.2
2014,"Heathrow",25.8,3,162.4
2014,"Hurn",24.5,1.3,247.4
2014,"Lerwick",15.6,2.2,189.8
2014,"Leuchars",20.9,0.2,123.2
2014,"Lowestoft",21.7,3.2,126.6
2014,"Manston",22.4,3.1,126.4
2014,"Nairn",20.9,0.8,175.4
2014,"Newton Rigg",21.4,1.1,184.2
2014,"Oxford",24.9,2.4,146.9
2014,"Paisley",21.4,1.7,179.7
2014,"Ross-on-Wye",23.9,2,180.5
2014,"Shawbury",22.9,1.4,105.8
2014,"Sheffield",23.2,3,124.2
2014,"Stornoway Airport",18.2,2.2,198
2014,"Sutton Bonington",24.1,2.3,101.2
2014,"Tiree",17.7,3.8,250.4
2014,"Valley",20.3,4.9,159.2
2014,"Waddington",23.4,2.1,118.2
2014,"Whitby",20.8,2.2,112.7
2014,"Wick Airport",17.1,1.3,122.2
2014,"Yeovilton",23.3,1.6,166.4
2015,"Aberporth",17.8,2.5,210.4
2015,"Armagh",18.7,0.1,186.1
2015,"Ballypatrick Forest",16.7,1,207.9
2015,"Bradford",19.7,1.6,198.2
2015,"Braemar",16.8,-1.4,316.8
2015,"Camborne",18.2,3.5,174.8
2015,"Cambridge NIAB",22.5,1.2,78.8
2015,"Cardiff Bute Park",20.3,1.3,223.8
2015,"Dunstaffnage",17.8,1.3,342.6
2015,"Durham",19.4,1,120.2
2015,"Eastbourne",21,2.2,147.6
2015,"Eskdalemuir",17,-1.3,568.8
2015,"Heathrow",23.7,1.6,116.8
2015,"Hurn",21.5,-0.2,138.8
2015,"Lerwick",15,2,302.4
2015,"Leuchars",19.1,0.3,120.8
2015,"Lowestoft",22,1.5,152.6
2015,"Manston",22.3,1.9,87
2015,"Nairn",18.6,0.8,106.3
2015,"Newton Rigg",18.3,0.1,329.4
2015,"Oxford",22.6,1,65.3
2015,"Paisley",18.7,1.1,278.4
2015,"Ross-on-Wye",21.2,1.2,125.9
2015,"Shawbury",20.1,0.7,87.2
2015,"Sheffield",20.8,2,126.8
2015,"Stornoway Airport",15.8,1.8,268.4
2015,"Sutton Bonington",21.5,1.3,69
2015,"Tiree",15.9,2.6,268.6
2015,"Valley",18.3,2.9,254.2
2015,"Waddington",21.3,1.1,79.2
2015,"Whitby",20.4,1.6,92
2015,"Wick Airport",16.3,1.2,100
2015,"Yeovilton",21.3,0.2,95.6
2016,"Aberporth",18.9,3.5,146
2016,"Armagh",19.6,1.1,131.9
2016,"Ballypatrick Forest",17.3,1.6,229
2016,"Bradford",19.9,1.3,137.8
2016,"Braemar",17.7,-2.8,238.8
2016,"Camborne",19.4,4.6,221.6
2016,"Cambridge NIAB",23.9,1.9,66.4
2016,"Cardiff Bute Park",21.6,2.2,221
2016,"Dunstaffnage",18.7,1.6,265.7
2016,"Durham",20.2,0.8,116.6
2016,"Eastbourne",21.9,3.9,167.8
2016,"Eskdalemuir",17.7,-1.3,358.6
2016,"Heathrow",24.7,2.9,93.4
2016,"Hurn",23.1,1.4,190.8
2016,"Lerwick",14.5,0.5,187
2016,"Leuchars",19.6,-0.3,157.6
2016,"Lowestoft",22.9,2.5,104.9
2016,"Manston",23.3,2.9,103.4
2016,"Nairn",18.7,-0.4,77.2
2016,"Newton Rigg",18.7,-0.2,161.4
2016,"Oxford",23.5,2.2,95.7
2016,"Paisley",19.3,0.8,191.6
2016,"Ross-on-Wye",22.3,1.9,115.4
2016,"Shawbury",21.4,0.7,117.8
2016,"Sheffield",21.3,2,130.4
2016,"Stornoway Airport",16.6,1,146.2
2016,"Sutton Bonington",22.6,1.9,149
2016,"Tiree",16.7,2.5,186.2
2016,"Valley",19.1,3.7,110.4
2016,"Waddington",22,1.7,120
2016,"Whitby",21.2,1.5,166.6
2016,"Wick Airport",16.7,0.4,141.6
2016,"Yeovilton",22.8,1.4,111
2017,"Aberporth",18.3,3.9,145
2017,"Armagh",19.8,2.7,91.8
2017,"Ballypatrick Forest",16.8,2.9,178.6
2017,"Bradford",19.9,1.8,105.2
2017,"Braemar",17,-1.6,89.2
2017,"Camborne",18.7,5.3,154.2
2017,"Cambridge NIAB",22.1,0.5,94.8
2017,"Cardiff Bute Park",21.4,2,152.9
2017,"Dunstaffnage",18.2,2.6,234.6
2017,"Durham",19.2,0.7,103.4
2017,"Eastbourne",21.9,1.1,122
2017,"Eskdalemuir",17.1,-0.8,243.8
2017,"Heathrow",24,0.7,90
2017,"Hurn",22.1,-0.1,104.8
2017,"Lerwick",14.7,2.3,235
2017,"Leuchars",18.9,0.4,148.4
2017,"Lowestoft",21.5,1.2,106.3
2017,"Manston",22.8,0.7,85.6
2017,"Nairn",18.6,1,105.9
2017,"Newton Rigg",18.3,0.1,124.2
2017,"Oxford",23.3,0.8,74.2
2017,"Paisley",18.8,1.2,149.4
2017,"Ross-on-Wye",22.4,0.9,98.8
2017,"Shawbury",21.7,0.9,114
2017,"Sheffield",21.2,2.2,89
2017,"Stornoway Airport",16.6,2.3,184.4
2017,"Sutton Bonington",21.9,1,94.4
2017,"Tiree",16.6,3.8,182
2017,"Valley",18.8,4.2,129.2
2017,"Waddington",21.3,1,80
2017,"Whitby",20,2,135.3
2017,"Wick Airport",16.3,1.6,139
2017,"Yeovilton",21.7,0.7,81.4
2018,"Aberporth",20.3,1.3,154
2018,"Armagh",21.9,0.2,127.1
2018,"Ballypatrick Forest",18,0.8,198.2
2018,"Bradford",24.3,0.1,107.8
2018,"Braemar",20.9,-2.5,166.6
2018,"Camborne",21.5,2.7,212
2018,"Cambridge NIAB",26.7,-0.3,64.6
2018,"Cardiff Bute Park",25.4,0.8,196.4
2018,"Dunstaffnage",20.4,1,250
2018,"Durham",23.4,-0.2,76.4
2018,"Eastbourne",24.8,1,115.6
2018,"Eskdalemuir",20.7,-2.2,262.8
2018,"Heathrow",28.3,0.6,81.2
2018,"Hurn",25.9,-1.3,148.3
2018,"Lerwick",16,0.7,171.2
2018,"Leuchars",21.7,-0.7,104.3
2018,"Lowestoft",23.9,0.6,69.6
2018,"Manston",24.9,0.4,108.8
2018,"Nairn",21.7,-0.8,95.5
2018,"Newton Rigg",22.5,-1.1,126
2018,"Oxford",27.4,0.3,87.4
2018,"Paisley",21.6,0.1,175.1
2018,"Ross-on-Wye",26.3,0.6,139.4
2018,"Shawbury",25.2,-0.5,88
2018,"Sheffield",25.4,0.6,124.2
2018,"Stornoway Airport",17.3,0.8,189.4
2018,"Sutton Bonington",26.2,0.2,85.8
2018,"Tiree",17,2,181.6
2018,"Valley",21,1.6,139.2
2018,"Waddington",25.4,-0.4,79.8
2018,"Whitby",22.3,0.8,110.8
2018,"Wick Airport",18.6,0.5,94.8
2018,"Yeovilton",25.9,-0.1,121.4
2019,"Aberporth",19.4,3.8,155.2
2019,"Armagh",20.9,3,125.2
2019,"Ballypatrick Forest",17.7,3,184.4
2019,"Bradford",21.7,1.8,155.4
2019,"Braemar",19.6,-3.6,122.4
2019,"Camborne",20.1,5.5,219.4
2019,"Cambridge NIAB",24.2,1,79.2
2019,"Cardiff Bute Park",23.7,1.8,235.8
2019,"Dunstaffnage",19.5,2.9,281.2
2019,"Durham",21.6,1.2,108.4
2019,"Eastbourne",22.2,2.1,165
2019,"Eskdalemuir",19.5,-1.3,263
2019,"Heathrow",25.5,2,92.8
2019,"Hurn",23.7,0.1,144.4
2019,"Lerwick",15.4,1.6,163.4
2019,"Leuchars",20.6,-0.2,131
2019,"Lowestoft",23.9,1.7,119.3
2019,"Manston",23.7,1.9,101.2
2019,"Nairn",20,0.5,127.5
2019,"Newton Rigg",20.7,0.3,164
2019,"Oxford",24.5,1,119.9
2019,"Paisley",21.1,1.8,204.5
2019,"Ross-on-Wye",23.3,1.7,140
2019,"Shawbury",21.8,0.7,133.2
2019,"Sheffield",22.7,2.8,200
2019,"Stornoway Airport",17.6,1.6,200.4
2019,"Sutton Bonington",23.1,1.7,126.2
2019,"Tiree",17.2,4.1,196.3
2019,"Valley",19.5,4.4,147.8
2019,"Waddington",22.6,1.5,140.8
2019,"Whitby",21.8,2.1,116.5
2019,"Wick Airport",17,1.3,116.9
2019,"Yeovilton",24,1,139.4
2020,"Aberporth",18.6,4,190.4
2020,"Armagh",19.7,2.2,144.2
2020,"Ballypatrick Forest",17.4,1.7,246.4
2020,"Bradford",19.9,2,266.8
2020,"Braemar",17.8,-1.7,166.6
2020,"Camborne",19.1,5.1,228.6
2020,"Cambridge NIAB",23.9,2.5,116.4
2020,"Cardiff Bute Park",22.1,3,265.6
2020,"Dunstaffnage",19.4,2.8,327.6
2020,"Durham",19.5,2.1,111.6
2020,"Eastbourne",23.2,4.7,153.9
2020,"Eskdalemuir",17.9,0.3,414
2020,"Heathrow",25.6,3.5,142.2
2020,"Hurn",23.4,2.3,170.8
2020,"Lerwick",14.8,2.1,172.1
2020,"Leuchars",18.9,1,160.2
2020,"Lowestoft",23.4,2.9,122.9
2020,"Manston",24.5,4,136.8
2020,"Nairn",18.4,0.7,143.4
2020,"Newton Rigg",19.7,1.5,251
2020,"Oxford",23.5,3,185.3
2020,"Paisley",19.7,2.5,300
2020,"Ross-on-Wye",22.4,3,174.6
2020,"Shawbury",21.5,1.6,137.6
2020,"Sheffield",21.2,2.8,224.6
2020,"Stornoway Airport",16.6,1.9,211.4
2020,"Sutton Bonington",22.4,2.5,132
2020,"Tiree",16.9,2.8,266.8
2020,"Valley",19.2,4.3,150.6
2020,"Waddington",22,1.8,99.4
2020,"Whitby",19.5,2.5,131.5
2020,"Wick Airport",16.2,1.4,139.2
2020,"Yeovilton",22.4,2.9,117.4
2021,"Aberporth",19.2,2.8,163.6
2021,"Armagh",22.6,0.2,108.2
2021,"Ballypatrick Forest",18.6,1,172.4
2021,"Bradford",21.8,-0.1,133
2021,"Braemar",20.9,-4.1,119.6
2021,"Camborne",20,3.7,201.2
2021,"Cambridge NIAB",23.5,0.6,81
2021,"Cardiff Bute Park",23.6,1.4,227
2021,"Dunstaffnage",21.3,0,317.4
2021,"Durham",21.5,-0.4,137.2
2021,"Eastbourne",20.9,2.2,144.8
2021,"Eskdalemuir",21.6,-2.8,409.4
2021,"Heathrow",24.2,1.3,96.6
2021,"Hurn",22.6,0.1,141.6
2021,"Lerwick",15.2,0.5,172.5
2021,"Leuchars",19.7,-1,143
2021,"Lowestoft",21.4,1.1,89.9
2021,"Manston",21.8,1.7,120.3
2021,"Nairn",20.4,-0.9,110.2
2021,"Newton Rigg",21.9,-1.4,191.8
2021,"Oxford",23.7,1.3,114.6
2021,"Paisley",22.8,-0.3,181.6
2021,"Ross-on-Wye",23.7,1.1,144.8
2021,"Shawbury",22.4,-0.3,115.8
2021,"Sheffield",22.8,0.9,145.2
2021,"Stornoway Airport",16.8,0.4,214.6
2021,"Sutton Bonington",23.7,0.2,114.6
2021,"Tiree",17.5,2,199.8
2021,"Valley",21.2,2.5,201.2
2021,"Waddington",22.5,0.2,91.4
2021,"Whitby",20.6,0.8,152.2
2021,"Wick Airport",16.6,-0.7,111.4
2021,"Yeovilton",22.9,0.7,115.8
2022,"Aberporth",20.6,2.3,118.2
2022,"Armagh",21.8,0.6,152
2022,"Ballypatrick Forest",18.6,2,184
2022,"Bradford",22.7,0.4,198.3
2022,"Braemar",19.4,-3.1,171.8
2022,"Camborne",22.4,3.8,213.2
2022,"Cambridge NIAB",26.6,0.1,96.2
2022,"Cardiff Bute Park",25,1.4,179.4
2022,"Dunstaffnage",19.3,1.6,249.2
2022,"Durham",22.6,0.5,104
2022,"Eastbourne",24.3,4.2,206.7
2022,"Eskdalemuir",19.8,-2.1,354
2022,"Heathrow",27.2,1.7,123.8
2022,"Hurn",25.5,0.2,183.8
2022,"Lerwick",14.6,1,162
2022,"Leuchars",22,-0.3,138
2022,"Lowestoft",24.6,1.6,116.7
2022,"Manston",24.7,2.4,143
2022,"Nairn",20.1,-0.1,95.2
2022,"Newton Rigg",21,-0.5,156.4
2022,"Oxford",26.4,0.8,106.6
2022,"Paisley",20.8,0.8,229
2022,"Ross-on-Wye",25.4,0.7,150.4
2022,"Shawbury",24.1,-0.5,103.8
2022,"Sheffield",23.9,1.2,182.6
2022,"Stornoway Airport",16.7,1.8,213.4
2022,"Sutton Bonington",24.8,1.2,96.8
2022,"Tiree",17.1,2.9,239
2022,"Valley",21.1,3.4,125.8
2022,"Waddington",24.5,1.4,99
2022,"Whitby",22.8,1.2,97
2022,"Wick Airport",17.3,1,98.6
2022,"Yeovilton",25.7,0.4,131.8
2023,"Aberporth",20.1,3.9,116.6
2023,"Armagh",22.4,2.7,143
2023,"Ballypatrick Forest",19.6,3.1,123.4
2023,"Bradford",21.6,2.1,98.6
2023,"Braemar",20.5,-1.9,77.2
2023,"Camborne",19.9,4.9,150
2023,"Cambridge NIAB",24,1.7,113.8
2023,"Cardiff Bute Park",23.6,2.4,220.6
2023,"Dunstaffnage",21.5,2.8,195.4
2023,"Durham",20.7,2,53
2023,"Eastbourne",22.4,4.3,124.5
2023,"Eskdalemuir",20.9,0.2,264
2023,"Heathrow",25.3,2.5,92.4
2023,"Hurn",23.9,1.2,122.6
2023,"Lerwick",15.1,0.7,185.8
2023,"Leuchars",18.6,0.9,68.6
2023,"Lowestoft",21,2.2,56.3
2023,"Manston",21.9,3,73.2
2023,"Nairn",20.9,0.8,66.1
2023,"Newton Rigg",21.7,1.6,123.1
2023,"Oxford",23.8,2.7,104.9
2023,"Paisley",22.5,2.7,152.8
2023,"Ross-on-Wye",23.7,2.4,124.2
2023,"Shawbury",22.6,1.6,98
2023,"Sheffield",22.2,2.9,110.2
2023,"Stornoway Airport",17.5,2.1,158.8
2023,"Sutton Bonington",22,2.7,90.8
2023,"Tiree",18.3,3.3,155.2
2023,"Valley",21.1,4.9,96.6
2023,"Waddington",22,2.2,74.6
2023,"Whitby",19.9,2.9,73.9
2023,"Wick Airport",16.6,0.6,91.2
2023,"Yeovilton",23.4,1.4,113.2
